categorie,sportpark,pagina_url,contact_tel,algemene_contact_email
Buitensport,Sportpark Groenhoven,https://www.sportpuntgouda.nl/sportparken,0182-590924.,"SPORT•GOUDA (kantoor), , 0182-590 910, info@sportpuntgouda.nl"
Buitensport,Sportpark Olympia,https://www.sportpuntgouda.nl/sportparken,0182-590924.,"SPORT•GOUDA (kantoor), , 0182-590 910, info@sportpuntgouda.nl"
Buitensport,Sportpark Uiterwaard,https://www.sportpuntgouda.nl/sportparken,0182-590924.,"SPORT•GOUDA (kantoor), , 0182-590 910, info@sportpuntgouda.nl"
Buitensport,Sportpark ONA,https://www.sportpuntgouda.nl/sportparken,0182-590924.,"SPORT•GOUDA (kantoor), , 0182-590 910, info@sportpuntgouda.nl"
Buitensport,Sportpark Oosterwei,https://www.sportpuntgouda.nl/sportparken,0182-590924.,"SPORT•GOUDA (kantoor), , 0182-590 910, info@sportpuntgouda.nl"
Buitensport,Sportpark Donk,https://www.sportpuntgouda.nl/sportparken,0182-590924.,"SPORT•GOUDA (kantoor), , 0182-590 910, info@sportpuntgouda.nl"
Buitensport,Sportveld Vires,https://www.sportpuntgouda.nl/sportparken,0182-590924.,"SPORT•GOUDA (kantoor), , 0182-590 910, info@sportpuntgouda.nl"
Buitensport,Tarieven,https://www.sportpuntgouda.nl/sportparken,0182-590924.,"SPORT•GOUDA (kantoor), , 0182-590 910, info@sportpuntgouda.nl"
Buitensport,Miranda | Verhuur,https://www.sportpuntgouda.nl/sportparken,0182-590924.,"SPORT•GOUDA (kantoor), , 0182-590 910, info@sportpuntgouda.nl"
