id,url
1,https://www.sportpuntgouda.nl/
2,https://www.sportpuntgouda.nl/bestellen/winkelwagen
3,https://www.sportpuntgouda.nl/tickets
4,https://www.sportpuntgouda.nl/contact
5,https://www.sportpuntgouda.nl/werken-bij
6,https://www.sportpuntgouda.nl/nieuws/jan-van-merwijk-benoemd-tot-lid-rvc-van-sportgouda
7,https://www.sportpuntgouda.nl/verhuur_2
8,https://www.sportpuntgouda.nl/nieuws/sporten-spelen-en-zwemmen-in-de-meivakantie
9,https://www.sportpuntgouda.nl/rooster
10,https://www.sportpuntgouda.nl/nieuws/jaarverslag-2024
11,https://www.sportpuntgouda.nl/sporten-in-gouda
12,https://www.sportpuntgouda.nl/informatie-zwemlessen
13,https://www.sportpuntgouda.nl/ondersteuning
14,https://www.sportpuntgouda.nl/nieuws
15,https://www.sportpuntgouda.nl/beweegmakelaars
16,https://www.sportpuntgouda.nl/rooster
17,https://www.sportpuntgouda.nl/stage
18,https://www.sportpuntgouda.nl/zwemmen
19,https://www.sportpuntgouda.nl/over-sportgouda
20,https://www.sportpuntgouda.nl/sportenbewegen
21,https://www.sportpuntgouda.nl/kenniscentrum
22,https://www.sportpuntgouda.nl/gouds-leefstijlakkoord
23,https://www.sportpuntgouda.nl/rooster
24,https://www.sportpuntgouda.nl/rooster
25,https://www.sportpuntgouda.nl/rooster
26,https://www.sportpuntgouda.nl/rooster
27,https://www.sportpuntgouda.nl/rooster
28,https://www.sportpuntgouda.nl/groenhovenbad_2
29,https://www.sportpuntgouda.nl/rooster
30,https://www.sportpuntgouda.nl/activiteiten/baby-en-peuterzwemmen-3-maanden-tot-2-jaar
31,https://www.sportpuntgouda.nl/activiteiten/baby-en-peuterzwemmen-3-maanden-tot-2-jaar
32,https://www.sportpuntgouda.nl/activiteiten/banenzwemmen
33,https://www.sportpuntgouda.nl/rooster
34,https://www.sportpuntgouda.nl/rooster
