Thema,Onderwerp,Tekst,Externe links,URL
,,Met zingeving geef je meer betekenis aan je leven. Zingeving betekent je passie volgen. Je houdt je dan bezig met wat je écht leuk vindt.,"https://sociaalteamgouda.nl/nieuws/, https://sociaalteamgouda.nl/ik-zoek-hulp/, https://sociaalteamgouda.nl/activiteit/training-samenkracht/, https://in-gouda.nl/subject/vrijwilligerswerk/, https://sociaalteamgouda.nl/activiteiten/, https://sociaalteamgouda.nl/thema/werk-uitkering-en-leren/, https://sociaalteamgouda.nl/aanmeldformulier/, https://sociaalteamgouda.nl, https://sociaalteamgouda.nl/onderwerp/een-laag-inkomen-en-sporten-of-naar-een-culturele-activiteit/, https://sociaalteamgouda.nl/thema/wijk-activiteiten-en-meedoen/, https://www.goudvoorelkaar.nl/hulpvragen/, https://sociaalteamgouda.nl/10-nieuwe-trainingen-beschikbaar/, https://www.humanitas.nl/onze-vrijwilligers/, https://goudabruist.nl/web/lijst/activiteiten.vm?thema=6, https://sociaalteamgouda.nl/3365-2/, https://sociaalteamgouda.nl/21-maart-de-eerste-editie-van-scootmobieldag-gouda/, https://sociaalteamgouda.nl/volg-een-gratis-training/, https://in-gouda.nl/subject_theme/actief-zijn-en-meedoen/, https://sociaalteamgouda.nl/thema/gezondheid-en-stress/",https://sociaalteamgouda.nl/onderwerp/hoe-vul-ik-mijn-vrije-tijd-zinvol-in/
,,"Via het Volwassenfonds Sport en Cultuur kan er een (gedeelte van) de contributie/het lesgeld voor een sport betaald worden wanneer je dat zelf even niet kan. Zo is het toch mogelijk om lid te worden van een sportclub. Met de bijdrage uit het fonds krijg je een vergoeding per jaar. Je moet dan in het sportseizoen minimaal één keer per week een sportactiviteit doen. Er wordt maximaal €250 per jaar vergoed. En mocht het nodig zijn, dan kun je, naast je aanvraag om te sporten, ook een extra aanvraag doen voor spullen zoals sportkleding. Die spullen moeten wel te maken hebben met de sport die je wil doen. Je leest de spelregels van het Volwassenfonds Sport en Cultuur. Je kunt het fonds aanvragen door op te nemen met Sociaal Team Gouda. Als je weinig geld verdient, kun je via de gemeente Gouda voor €5,- een Rotterdampas kopen. Je kinderen krijgen dan gratis een pas met daarop tegoedbonnen voor contributie van sportverenigingen. En ook jeugdtegoed (geld) om bijvoorbeeld sportkleding of sportspullen te kopen. Kijk voor meer informatie op .","https://sociaalteamgouda.nl/activiteit/cursus-grip-op-je-geld/, https://sociaalteamgouda.nl/nieuws/, https://sociaalteamgouda.nl/ik-zoek-hulp/, https://sociaalteamgouda.nl/activiteit/training-samenkracht/, https://www.volwassenenfonds.nl/, https://sociaalteamgouda.nl/contact/, https://sociaalteamgouda.nl/activiteiten/, https://sociaalteamgouda.nl/aanmeldformulier/, https://sociaalteamgouda.nl/hulp-bij-de-belastingaangiftepapierwinkel-en-bibliotheek-bieden-weer-hulp-voor-gouwenaars/, https://sociaalteamgouda.nl/activiteit/financieel-spreekuur/, https://sociaalteamgouda.nl, https://sociaalteamgouda.nl/thema/wijk-activiteiten-en-meedoen/, https://sociaalteamgouda.nl/thema/geld-en-schulden/, https://sociaalteamgouda.nl/10-nieuwe-trainingen-beschikbaar/, http://www.gouda.nl/rotterdampas, https://sociaalteamgouda.nl/jongeren-check-je-belastingaangifte-misschien-krijg-je-geld-terug/, https://sociaalteamgouda.nl/activiteit/webinar-financiele-gezondheid/, https://sociaalteamgouda.nl/volg-een-gratis-training/, https://sociaalteamgouda.nl/activiteit/papierwinkel/, https://www.volwassenenfonds.nl/deelnemers/, https://sociaalteamgouda.nl/thema/gezondheid-en-stress/, https://www.volwassenenfonds.nl/gemeentechecker/",https://sociaalteamgouda.nl/onderwerp/een-laag-inkomen-en-sporten/
,,"Wil je, totdat je betaald werk of vrijwilligerswerk hebt, iets anders doen? Dan kun je bijvoorbeeld ook sporten of . Verveelt je kind zich vaak? Merk je dat je kind een goede dagbesteding nodig heeft? Dan kun je zelf een goede dagbesteding zoeken. Bel bijvoorbeeld een kinderboerderij in de buurt. Misschien kan je kind daar helpen. Bekijk ook . Hier staan allerlei ideeën in.","https://sociaalteamgouda.nl/nieuws/, https://sociaalteamgouda.nl/ik-zoek-hulp/, https://www.cjggouda.nl/showfile.asp?fil_id=9574, http://www.indeed.com/, https://in-gouda.nl/subject/vrijwilligerswerk/, https://sociaalteamgouda.nl/thema/hulp-bij-zorgen-wonen-en-vervoer/, https://sociaalteamgouda.nl/activiteiten/, https://sociaalteamgouda.nl/aanmeldformulier/, https://sociaalteamgouda.nl, https://sociaalteamgouda.nl/activiteit/themabijeenkomsten-voor-ouderen/, https://sociaalteamgouda.nl/thema/wijk-activiteiten-en-meedoen/, https://www.goudvoorelkaar.nl/hulpvragen/, https://sociaalteamgouda.nl/thema/gezondheid-en-stress/, https://sociaalteamgouda.nl/10-nieuwe-trainingen-beschikbaar/, https://sociaalteamgouda.nl/maandelijkse-inzamelingsactie-voor-de-voedselbank-gouda/, https://sociaalteamgouda.nl/21-maart-de-eerste-editie-van-scootmobieldag-gouda/, http://www.werk.nl/, https://sociaalteamgouda.nl/volg-een-gratis-training/, https://sociaalteamgouda.nl.transurl.nl/subject/hoe-vul-ik-mijn-vrije-tijd-zinvol-in/",https://sociaalteamgouda.nl/onderwerp/ik-zoek-dagbesteding-of-daginvulling/
,,,"https://sociaalteamgouda.nl/nieuws/, https://sociaalteamgouda.nl/ik-zoek-hulp/, https://sociaalteamgouda.nl/activiteit/training-samenkracht/, https://in-gouda.nl/subject/vrijwilligerswerk/, https://sociaalteamgouda.nl/contact/, https://sociaalteamgouda.nl/activiteiten/, https://sociaalteamgouda.nl/aanmeldformulier/, https://sociaalteamgouda.nl/gezocht-mede-initiatiefnemers-fietsmaatjes-gouda/, https://sociaalteamgouda.nl, https://sociaalteamgouda.nl/onderwerp/een-laag-inkomen-en-sporten-of-naar-een-culturele-activiteit/, https://sociaalteamgouda.nl/thema/wijk-activiteiten-en-meedoen/, https://www.goudvoorelkaar.nl/hulpvragen/, https://sociaalteamgouda.nl/10-nieuwe-trainingen-beschikbaar/, https://www.humanitas.nl/onze-vrijwilligers/, https://goudabruist.nl/web/lijst/activiteiten.vm?thema=6, https://sociaalteamgouda.nl/21-maart-de-eerste-editie-van-scootmobieldag-gouda/, https://sociaalteamgouda.nl/volg-een-gratis-training/, https://www.sportpuntgouda.nl/, https://in-gouda.nl/subject_theme/actief-zijn-en-meedoen/, https://goudabruist.nl/project/1533/wijkeethuis-gouda-oost",https://sociaalteamgouda.nl/onderwerp/ik-wil-graag-mensen-ontmoeten-of-leuke-dingen-doen-in-de-buurt/
,,Ga bij jezelf na sinds wanneer je je eenzaam voelt. Kun je nagaan wat de oorzaak is van jouw eenzame gevoel? Heb je daadwerkelijk geen mensen om je heen of is het meer een gevoel? Ben je vanuit jezelf bereid om echt iets te doen om dit te veranderen? Pak dan de regie en maak een bij het Sociaal Team Gouda. Je kunt zelf al de eerste stappen zetten zoals: Aarzel niet om contact met ons op te nemen of langs te komen bij ons .,"https://sociaalteamgouda.nl/nieuws/, https://sociaalteamgouda.nl/ik-zoek-hulp/, https://sociaalteamgouda.nl/activiteit/training-samenkracht/, https://sociaalteamgouda.nl/onderwerp/hoe-vul-ik-mijn-vrije-tijd-zinvol-in/, https://sociaalteamgouda.nl/contact/, https://sociaalteamgouda.nl/onderwerp/ik-wil-mij-minder-somber-voelen/, https://sociaalteamgouda.nl/thema/eenzaamheid-rouw-en-verlies/, https://sociaalteamgouda.nl/activiteiten/, https://sociaalteamgouda.nl/aanmeldformulier/, https://sociaalteamgouda.nl/hulp-bij-de-belastingaangiftepapierwinkel-en-bibliotheek-bieden-weer-hulp-voor-gouwenaars/, https://sociaalteamgouda.nl, https://sociaalteamgouda.nl/thema/wijk-activiteiten-en-meedoen/, https://sociaalteamgouda.nl/onderwerp/ik-zoek-dagbesteding-of-daginvulling/, https://sociaalteamgouda.nl/onderwerp/een-laag-inkomen-en-sporten/, https://sociaalteamgouda.nl/10-nieuwe-trainingen-beschikbaar/, https://sociaalteamgouda.nl/jongeren-check-je-belastingaangifte-misschien-krijg-je-geld-terug/, https://sociaalteamgouda.nl.transurl.nl/contact/, https://sociaalteamgouda.nl/onderwerp/ik-wil-graag-mensen-ontmoeten-of-leuke-dingen-doen-in-de-buurt/, https://sociaalteamgouda.nl/volg-een-gratis-training/, https://sociaalteamgouda.nl/thema/gezondheid-en-stress/",https://sociaalteamgouda.nl/onderwerp/ik-ben-eenzaam/
,,Bekijk de tips in deze video: Wil je toch graag hulp om weer fijn met je buren om te gaan? Schakel dan in.,"https://sociaalteamgouda.nl/activiteit/cursus-grip-op-je-geld/, https://sociaalteamgouda.nl/nieuws/, https://sociaalteamgouda.nl/10-nieuwe-trainingen-beschikbaar/, https://sociaalteamgouda.nl/ik-zoek-hulp/, https://www.kwadraad.nl/buurtbemiddeling/, https://sociaalteamgouda.nl/activiteiten/, https://sociaalteamgouda.nl/aanmeldformulier/, https://sociaalteamgouda.nl/volg-een-gratis-training/, https://sociaalteamgouda.nl/activiteit/sirenelunch/, https://sociaalteamgouda.nl/activiteit/wijksafari/, https://sociaalteamgouda.nl/hulp-bij-de-belastingaangiftepapierwinkel-en-bibliotheek-bieden-weer-hulp-voor-gouwenaars/, https://sociaalteamgouda.nl, https://www.kwadraad.nl/buurtbemiddeling/aanmelden-buurtbemiddeling/, https://sociaalteamgouda.nl/thema/wijk-activiteiten-en-meedoen/, https://sociaalteamgouda.nl/jongeren-check-je-belastingaangifte-misschien-krijg-je-geld-terug/, https://sociaalteamgouda.nl/activiteit/koffietijd/, http://www.problemenmetjeburen.nl/, https://sociaalteamgouda.nl/thema/hulp-bij-zorgen-wonen-en-vervoer/",https://sociaalteamgouda.nl/onderwerp/hoe-zorg-ik-voor-een-fijne-omgang-met-mijn-buren/
,,"Veel mensen in Nederland zoeken woonruimte, zoals een kamer, appartement of een eengezinswoning. De realiteit is dat er in Nederland alleen niet genoeg woningen zijn. Daarom is het moeilijk om een woning te krijgen. Dat is soms heel erg vervelend. Bijvoorbeeld als een stel of echtpaar gaat scheiden en er voor één van de partners niet snel een woning is, of dat je jongere bent en graag uit huis wil en zelfstandig wil wonen.  Het Sociaal Team Gouda kan je helaas niet helpen bij het snel krijgen van een woning. We werken veel samen met de woningbouwverenigingen, maar hebben geen invloed om woningen voor mensen te regelen. Het Sociaal Team Gouda kan je ook helpen om de situatie thuis zo goed mogelijk te organiseren. We kunnen dan bijvoorbeeld meedenken wat je het beste kunt doen en waar je kan beginnen. Ben je op zoek naar een ? Schrijf je dan in bij een woningbouwvereniging via . Inschrijfkosten zijn € 23,00. Na betaling is je inschrijving 2 jaar actief. Je kunt dan digitaal reageren op het woningaanbod. Hebben jullie een ? Neem dan contact op met een hypotheekadviseur om jullie financiën inzichtelijk te maken. Soms kun je urgentie krijgen voor een huurwoning. Bijvoorbeeld als jullie gaan scheiden en één van de twee snel een huis nodig heeft. Dan krijg je voorrang op de wachtlijst van huurwoningen. Je moet hiervoor een urgentieverklaring aanvragen. Sinds 1 juli 2024 lopen nieuwe aanvragen via de gemeente Gouda. Hiervoor kan gebruik gemaakt worden van de volgende website: . Of je de urgentie krijgt, hangt af van je omstandigheden. Het Sociaal Team Gouda kan je helaas niet helpen om urgentie te krijgen. Wel kan het Sociaal Team Gouda je helpen om de urgentieverklaring aan te vragen. Er zijn ook nog meer manieren van huren en wonen. Om je op weg te helpen hebben we een document gemaakt met informatie over wonen. Klik of op de afbeelding om het document te openen. Als je (tijdelijk) dakloos bent of een briefadres nodig hebt, kun je melden bij het Centraal Meldpunt Dak- en Thuislozen. De gemeente Gouda kan dan met je meedenken wat het beste is en wat er mogelijk is. Klik voor meer informatie en om je te melden.","https://sociaalteamgouda.nl/activiteit/cursus-grip-op-je-geld/, https://sociaalteamgouda.nl/nieuws/, https://sociaalteamgouda.nl/ik-zoek-hulp/, https://sociaalteamgouda.nl/thema/hulp-bij-zorgen-wonen-en-vervoer/, https://www.gouda.nl/direct-regelen/zorg-en-hulp/opvang-en-hulp/melding-bijna-dakloos, https://sociaalteamgouda.nl/activiteiten/, https://sociaalteamgouda.nl/aanmeldformulier/, https://www.woonpartners-mh.nl/ik-zoek/, https://sociaalteamgouda.nl/hulp-bij-de-belastingaangiftepapierwinkel-en-bibliotheek-bieden-weer-hulp-voor-gouwenaars/, https://sociaalteamgouda.nl/activiteit/financieel-spreekuur/, https://sociaalteamgouda.nl, http://www.woningnetregiomiddenholland.nl, https://sociaalteamgouda.nl/activiteit/themabijeenkomsten-voor-ouderen/, https://sociaalteamgouda.nl/thema/geld-en-schulden/, https://sociaalteamgouda.nl/wp-content/uploads/2022/01/Huisvestingsinformatie-Sociaal-Team-Gouda-versie-8-april-2021.pdf, https://sociaalteamgouda.nl/10-nieuwe-trainingen-beschikbaar/, https://eur06.safelinks.protection.outlook.com/?url=https%3A%2F%2Fwww.gouda.nl%2Fdirect-regelen%2Fleven-en-wonen%2Fwoning-huren-of-kopen%2Furgentieverklaring%2F&data=05%7C02%7Ccommunicatie%40kwadraad.nl%7C438be669bfa142987eff08dca0bcd5ba%7C04e5b0d8098445c4b9c7eb4d890eb55b%7C0%7C0%7C638561980175655995%7CUnknown%7CTWFpbGZsb3d8eyJWIjoiMC4wLjAwMDAiLCJQIjoiV2luMzIiLCJBTiI6Ik1haWwiLCJXVCI6Mn0%3D%7C0%7C%7C%7C&sdata=0QJGCHGi4EkaFsANQrQOYsiRbGUbPUozmqIHA2iXRZE%3D&reserved=0, https://sociaalteamgouda.nl/jongeren-check-je-belastingaangifte-misschien-krijg-je-geld-terug/, https://sociaalteamgouda.nl/activiteit/webinar-financiele-gezondheid/, https://sociaalteamgouda.nl/volg-een-gratis-training/, https://www.mozaiekwonen.nl/ik-zoek-een-woning",https://sociaalteamgouda.nl/onderwerp/hoe-kom-ik-aan-een-woonruimte/
,,Het is belangrijk dat je een overzicht maakt van het geld dat je ontvangt en hoeveel geld je uitgeeft. Met een goed overzicht weet je ook of je schulden hebt. En hoe hoog deze schulden misschien zijn.,"https://sociaalteamgouda.nl/activiteit/cursus-grip-op-je-geld/, https://sociaalteamgouda.nl/nieuws/, https://sociaalteamgouda.nl/ik-zoek-hulp/, https://sociaalteamgouda.nl/wp-content/uploads/2023/02/Overzicht-inkomsten-en-uitgaven.pdf, https://www.goudawijzer.nl/is/een-vraag-over-2/werk-geld-en-uitkering-wi/geldzakenwi, https://sociaalteamgouda.nl/activiteiten/, https://sociaalteamgouda.nl/aanmeldformulier/, https://sociaalteamgouda.nl/hulp-bij-de-belastingaangiftepapierwinkel-en-bibliotheek-bieden-weer-hulp-voor-gouwenaars/, https://sociaalteamgouda.nl/activiteit/financieel-spreekuur/, https://sociaalteamgouda.nl, https://sociaalteamgouda.nl/thema/geld-en-schulden/, https://sociaalteamgouda.nl/10-nieuwe-trainingen-beschikbaar/, https://uitdeschulden.nu/locatie/gouda/, https://www.humanitas.nl/afdeling/midden-holland/activiteiten/thuisadministratie/, https://sociaalteamgouda.nl/jongeren-check-je-belastingaangifte-misschien-krijg-je-geld-terug/, https://sociaalteamgouda.nl/activiteit/webinar-financiele-gezondheid/, https://sociaalteamgouda.nl/volg-een-gratis-training/, https://www.nibud.nl/consumenten/een-maandbegroting-maken/, https://sociaalteamgouda.nl/wp-content/uploads/2023/02/2023-02-in-en-uitgaven-overzicht.xlsx, https://sociaalteamgouda.nl/activiteit/papierwinkel/",https://sociaalteamgouda.nl/onderwerp/mijn-administratie-op-orde-brengen/
,,"Het Sociaal Team Gouda heeft een overzicht gemaakt met bestaande minimaregelingen voor inwoners van de gemeente Gouda. Let op, we proberen dit overzicht zo actueel mogelijk te houden. Maar we kunnen niet garanderen dat het overzicht actueel is. Kijk voor het meest recente overzicht op Wil je weten op welke uitkering, toeslagen of tegemoetkomingen je recht hebt? Kijk dan op de website om te onderzoeken op welke vergoedingen van de gemeente Gouda je recht hebt. Op ‘ ’ van het Nibud zie je op welke landelijke vergoedingen je recht hebt. Heb je hulp nodig om dit aan te vragen? Dan kun je een afspraak maken met het Sociaal Team Gouda. Heb je juridische hulp nodig? Bijvoorbeeld als je bent ontslagen of als je ziek bent geworden en daardoor niet meer kunt werken? De Sociaal Raadslieden van het Sociaal Team Gouda kunnen je dan verder helpen. Je kunt ook naar het . Je kunt met het Juridisch Loket bellen via het telefoonnummer 0900-8020 (let op, dat kost 10 cent per minuut) of een . Je kunt ook bij een kantoor van het Juridisch Loket. Er is bijvoorbeeld een kantoor in en een kantoor in . Maar je kunt ook voor advies eerst contact opnemen met de sociaal raadslieden","https://sociaalteamgouda.nl/activiteit/cursus-grip-op-je-geld/, https://sociaalteamgouda.nl/nieuws/, https://sociaalteamgouda.nl/ik-zoek-hulp/, https://www.juridischloket.nl/contact/leiden/, https://www.berekenuwrechtplus.nl/app/scherm10.php?u=1641269437.315.44503150902202, https://sociaalteamgouda.nl/wp-content/uploads/2023/03/Minimaregelingen-Gouda-feb-23.pdf, https://sociaalteamgouda.nl/thema/hulp-bij-zorgen-wonen-en-vervoer/, https://sociaalteamgouda.nl/activiteiten/, https://sociaalteamgouda.nl/thema/werk-uitkering-en-leren/, https://sociaalteamgouda.nl/aanmeldformulier/, https://berekenuwrecht.nibud.nl/introductie, https://sociaalteamgouda.nl/hulp-bij-de-belastingaangiftepapierwinkel-en-bibliotheek-bieden-weer-hulp-voor-gouwenaars/, https://sociaalteamgouda.nl/activiteit/financieel-spreekuur/, https://sociaalteamgouda.nl, https://www.juridischloket.nl/, https://sociaalteamgouda.nl/activiteit/themabijeenkomsten-voor-ouderen/, https://sociaalteamgouda.nl/thema/geld-en-schulden/, https://sociaalteamgouda.nl/10-nieuwe-trainingen-beschikbaar/, https://www.juridischloket.nl/contact/, http://www.goudawijzer.nl, http://www.gouda.nl, https://sociaalteamgouda.nl/jongeren-check-je-belastingaangifte-misschien-krijg-je-geld-terug/, https://sociaalteamgouda.nl/activiteit/webinar-financiele-gezondheid/, https://www.juridischloket.nl/contact/rotterdam/, https://sociaalteamgouda.nl/volg-een-gratis-training/, https://www.juridischloket.nl/email-ons/, https://www.belastingdienst.nl/, https://sociaalteamgouda.nl/onderwerp/ik-heb-vragen-over-wetten-regelingen-of-voorzieningen/, https://sociaalteamgouda.nl/activiteit/papierwinkel/, https://www.belastingdienst.nl/wps/wcm/connect/nl/toeslagen/toeslagen",https://sociaalteamgouda.nl/onderwerp/op-welke-uitkeringen-en-toeslagen-heb-ik-recht/
,,Maak eerst een overzicht van je schulden. Gebruik daarvoor deze of deze . Je kunt zo makkelijk op een rij zetten welke schulden je hebt.,"https://sociaalteamgouda.nl/activiteit/cursus-grip-op-je-geld/, https://sociaalteamgouda.nl/nieuws/, https://sociaalteamgouda.nl/ik-zoek-hulp/, https://sociaalteamgouda.nl/wp-content/uploads/2023/02/Overzicht-inkomsten-en-uitgaven.pdf, https://www.goudawijzer.nl/is/een-vraag-over-2/werk-geld-en-uitkering-wi/geldzakenwi, https://www.goudawijzer.nl/is/een-vraag-over-2/werk-geld-en-uitkering/geldzaken/schulden/schuldhulpverlening, https://www.zelfjeschuldenregelen.nl/, https://sociaalteamgouda.nl/activiteiten/, https://sociaalteamgouda.nl/thema/werk-uitkering-en-leren/, https://sociaalteamgouda.nl/aanmeldformulier/, https://sociaalteamgouda.nl/hulp-bij-de-belastingaangiftepapierwinkel-en-bibliotheek-bieden-weer-hulp-voor-gouwenaars/, https://sociaalteamgouda.nl/activiteit/financieel-spreekuur/, https://sociaalteamgouda.nl, https://sociaalteamgouda.nl/thema/geld-en-schulden/, https://sociaalteamgouda.nl/10-nieuwe-trainingen-beschikbaar/, https://uitdeschulden.nu/locatie/gouda/, https://www.humanitas.nl/afdeling/midden-holland/activiteiten/thuisadministratie/, https://sociaalteamgouda.nl/jongeren-check-je-belastingaangifte-misschien-krijg-je-geld-terug/, https://sociaalteamgouda.nl/activiteit/webinar-financiele-gezondheid/, https://www.nibud.nl/consumenten/themas/hulp-bij-schulden/, https://sociaalteamgouda.nl/volg-een-gratis-training/, https://sociaalteamgouda.nl/wp-content/uploads/2023/02/2023-02-in-en-uitgaven-overzicht.xlsx, https://sociaalteamgouda.nl/activiteit/papierwinkel/",https://sociaalteamgouda.nl/onderwerp/ik-heb-schulden/
,,De eerste stap is om overzicht in je administratie te krijgen. Dan heb je goed overzicht over alle papieren van instanties. Het is belangrijk dat je een overzicht maakt van het geld dat je ontvangt en hoeveel geld je uitgeeft. Met een goed overzicht weet je ook of je schulden hebt. En hoe hoog deze schulden misschien zijn.,"https://sociaalteamgouda.nl/activiteit/cursus-grip-op-je-geld/, https://sociaalteamgouda.nl/nieuws/, https://sociaalteamgouda.nl/ik-zoek-hulp/, https://sociaalteamgouda.nl/wp-content/uploads/2023/02/Overzicht-inkomsten-en-uitgaven.pdf, https://sociaalteamgouda.nl/wp-content/uploads/2023/07/Fin-Overzi-inkomsten-uitgaven2.xlsx, https://sociaalteamgouda.nl/activiteiten/, https://sociaalteamgouda.nl/thema/werk-uitkering-en-leren/, https://sociaalteamgouda.nl/aanmeldformulier/, https://sociaalteamgouda.nl/hulp-bij-de-belastingaangiftepapierwinkel-en-bibliotheek-bieden-weer-hulp-voor-gouwenaars/, https://sociaalteamgouda.nl/activiteit/financieel-spreekuur/, https://sociaalteamgouda.nl, https://sociaalteamgouda.nl/thema/geld-en-schulden/, https://sociaalteamgouda.nl/10-nieuwe-trainingen-beschikbaar/, https://sociaalteamgouda.nl/onderwerp/ik-heb-schulden/, https://sociaalteamgouda.nl/onderwerp/hulp-bij-inkomen/, https://sociaalteamgouda.nl/jongeren-check-je-belastingaangifte-misschien-krijg-je-geld-terug/, https://sociaalteamgouda.nl/activiteit/webinar-financiele-gezondheid/, https://sociaalteamgouda.nl/volg-een-gratis-training/, https://www.nibud.nl/consumenten/een-maandbegroting-maken/, https://sociaalteamgouda.nl/activiteit/papierwinkel/, https://www.nibud.nl/, https://sociaalteamgouda.nl/onderwerp/je-administratie-op-orde-brengen/",https://sociaalteamgouda.nl/onderwerp/uitkomen-met-geld/
,,"Je zult er maar mee zitten!  Bij het Sociaal Team Gouda kijken we niet naar salarissen of waar je vandaan komt. Ons uitgangspunt is: waar wil je naar toe? Als je hulp nodig hebt om je goed te kunnen redden in het dagelijks leven, met kleine of grote vragen, ben je bij het Sociaal Team Gouda van harte welkom. Ook inwoners met een middeninkomen (of hoger inkomen) zijn bij ons aan het goede adres. Bel gerust naar 088 900 4321 of stuur een e-mail naar . Om in het web van regels, regelingen, mogelijkheden je weg te vinden helpen we je op deze website al op weg. Lees meer op de volgende pagina’s of bekijk alvast de video’s hieronder.","https://sociaalteamgouda.nl/activiteit/cursus-grip-op-je-geld/, https://sociaalteamgouda.nl/nieuws/, https://sociaalteamgouda.nl/ik-zoek-hulp/, https://sociaalteamgouda.nl/onderwerp/mijn-administratie-op-orde-brengen/, https://sociaalteamgouda.nl/onderwerp/op-welke-uitkeringen-en-toeslagen-heb-ik-recht/, https://sociaalteamgouda.nl/activiteiten/, https://sociaalteamgouda.nl/aanmeldformulier/, https://sociaalteamgouda.nl/hulp-bij-de-belastingaangiftepapierwinkel-en-bibliotheek-bieden-weer-hulp-voor-gouwenaars/, https://sociaalteamgouda.nl/activiteit/financieel-spreekuur/, https://sociaalteamgouda.nl, https://sociaalteamgouda.nl/onderwerp/uitkomen-met-geld/, https://sociaalteamgouda.nl/thema/geld-en-schulden/, https://sociaalteamgouda.nl/10-nieuwe-trainingen-beschikbaar/, https://sociaalteamgouda.nl/onderwerp/ik-heb-schulden/, https://sociaalteamgouda.nl/jongeren-check-je-belastingaangifte-misschien-krijg-je-geld-terug/, https://sociaalteamgouda.nl/onderwerp/besparingstips/, https://sociaalteamgouda.nl/activiteit/webinar-financiele-gezondheid/, https://sociaalteamgouda.nl/volg-een-gratis-training/, https://sociaalteamgouda.nl/onderwerp/ik-heb-vragen-over-wetten-regelingen-of-voorzieningen/, https://sociaalteamgouda.nl/activiteit/papierwinkel/",https://sociaalteamgouda.nl/onderwerp/geldzorgen/
,,Het is belangrijk dat je een overzicht maakt van het geld dat je ontvangt en hoeveel geld je uitgeeft. Met een goed overzicht weet je ook of je schulden hebt. En hoe hoog deze schulden misschien zijn.,"https://sociaalteamgouda.nl/activiteit/cursus-grip-op-je-geld/, https://sociaalteamgouda.nl/nieuws/, https://sociaalteamgouda.nl/ik-zoek-hulp/, https://sociaalteamgouda.nl/wp-content/uploads/2023/02/Overzicht-inkomsten-en-uitgaven.pdf, https://sociaalteamgouda.nl.transurl.nl/subject/ik-zoek-werk/, https://berekenuwrecht.nibud.nl/#/panel/0, https://sociaalteamgouda.nl/activiteiten/, https://sociaalteamgouda.nl/thema/werk-uitkering-en-leren/, https://sociaalteamgouda.nl/aanmeldformulier/, https://www.berekenuwrechtplus.nl/app/scherm10.php?u=1641267414.315.92003150902202, https://sociaalteamgouda.nl/hulp-bij-de-belastingaangiftepapierwinkel-en-bibliotheek-bieden-weer-hulp-voor-gouwenaars/, https://sociaalteamgouda.nl/activiteit/financieel-spreekuur/, https://sociaalteamgouda.nl, https://sociaalteamgouda.nl/onderwerp/een-laag-inkomen-en-sporten-of-naar-een-culturele-activiteit/, https://sociaalteamgouda.nl/thema/geld-en-schulden/, https://www.gouda.nl/direct-regelen/geld-en-werk/geldzorgen-en-uitkering/melding-hulp-bij-werk-en-inkomen, https://sociaalteamgouda.nl/10-nieuwe-trainingen-beschikbaar/, https://www.uwv.nl/particulieren/, https://sociaalteamgouda.nl/jongeren-check-je-belastingaangifte-misschien-krijg-je-geld-terug/, https://sociaalteamgouda.nl/activiteit/webinar-financiele-gezondheid/, https://sociaalteamgouda.nl/volg-een-gratis-training/, https://www.nibud.nl/consumenten/een-maandbegroting-maken/, https://sociaalteamgouda.nl/wp-content/uploads/2023/02/2023-02-in-en-uitgaven-overzicht.xlsx, https://sociaalteamgouda.nl/activiteit/papierwinkel/",https://sociaalteamgouda.nl/onderwerp/hulp-bij-inkomen/
,,Wil je besparen op je uitgaven? Meer geld overhouden aan het einde van de maand? Lees hier tips om geld te besparen. Deze tips komen van de websites van het NIBUD en TPS.,"https://sociaalteamgouda.nl/activiteit/cursus-grip-op-je-geld/, https://sociaalteamgouda.nl/nieuws/, https://sociaalteamgouda.nl/ik-zoek-hulp/, https://www.nibud.nl/tools/stappenplan-bespaarplan-maken/, https://sociaalteamgouda.nl/activiteiten/, https://sociaalteamgouda.nl/aanmeldformulier/, https://sociaalteamgouda.nl/hulp-bij-de-belastingaangiftepapierwinkel-en-bibliotheek-bieden-weer-hulp-voor-gouwenaars/, https://sociaalteamgouda.nl/activiteit/financieel-spreekuur/, https://sociaalteamgouda.nl, https://sociaalteamgouda.nl/thema/geld-en-schulden/, https://voorhetzelfdegeld.files.wordpress.com/2015/10/voor-hetzelfde-geld-2019-interactief.pdf, https://sociaalteamgouda.nl/10-nieuwe-trainingen-beschikbaar/, https://www.milieucentraal.nl/eten-en-drinken/voedselverspilling/, https://sociaalteamgouda.nl/jongeren-check-je-belastingaangifte-misschien-krijg-je-geld-terug/, https://www.gouda.nl/direct-regelen/bouwen-en-ondernemen/verduurzamen/gratis-energie-advies/, https://sociaalteamgouda.nl/activiteit/webinar-financiele-gezondheid/, https://sociaalteamgouda.nl/volg-een-gratis-training/, https://sociaalteamgouda.nl/activiteit/papierwinkel/, https://www.nibud.nl/onderwerpen/uitgaven/kosten-energie-water/#Besparen",https://sociaalteamgouda.nl/onderwerp/besparingstips/
,,‘.  Tijdens het webinar leer je over verschillende elementen die met financiële gezondheid te maken hebben.,"https://sociaalteamgouda.nl/activiteit/cursus-grip-op-je-geld/, https://sociaalteamgouda.nl/nieuws/, https://sociaalteamgouda.nl/10-nieuwe-trainingen-beschikbaar/, https://sociaalteamgouda.nl/ik-zoek-hulp/, https://sociaalteamgouda.nl/activiteiten/, https://sociaalteamgouda.nl/aanmeldformulier/, https://sociaalteamgouda.nl/volg-een-gratis-training/, https://sociaalteamgouda.nl/hulp-bij-de-belastingaangiftepapierwinkel-en-bibliotheek-bieden-weer-hulp-voor-gouwenaars/, https://sociaalteamgouda.nl/activiteit/financieel-spreekuur/, https://sociaalteamgouda.nl, https://sociaalteamgouda.nl/activiteit/papierwinkel/, https://sociaalteamgouda.nl/jongeren-check-je-belastingaangifte-misschien-krijg-je-geld-terug/, https://sociaalteamgouda.nl/thema/geld-en-schulden/, https://sociaalteamgouda.nl/activiteit/webinar-financiele-gezondheid/",https://sociaalteamgouda.nl/onderwerp/21-november-om-1900-uur-gratis-webinar-financiele-gezondheid-voor-inwoners-met-een-middeninkomen/
,,"Wil je weten op welke uitkering, toeslagen of tegemoetkomingen je recht hebt? Bekijk dan de . Ook andere organisaties kunnen je van dienst zijn. Deze geven advies en je kunt hier bijvoorbeeld ook voorbeeldbrieven vinden. . De sociaal raadslieden helpen je met vragen over: Sociaal raadslieden kunnen je ook helpen met: Heb je zorgen of vragen over één van de onderwerpen hierboven? Neem zo snel mogelijk contact met ons op. Hoe eerder je hulp in schakelt, hoe meer vervelende situaties we kunnen voorkomen. Hulp van sociaal raadslieden is . Voor informatie over een juridisch onderwerp kun je bij sociaal raadslieden én bij andere organisaties terecht. Deze geven advies en je kunt hier bijvoorbeeld ook voorbeeldbrieven vinden. Via sommige organisaties kun je ook een klacht indienen. Als je dit doet via een organisatie, moet je vaak wel eerst al geprobeerd hebben de klacht zelf in te dienen.","https://sociaalteamgouda.nl/activiteit/cursus-grip-op-je-geld/, https://www.consuwijzer.nl/, https://sociaalteamgouda.nl/nieuws/, https://sociaalteamgouda.nl/ik-zoek-hulp/, https://www.huurcommissie.nl/, https://www.kifid.nl/, https://sociaalteamgouda.nl/activiteit/koffietijd/, https://sociaalteamgouda.nl/onderwerp/op-welke-uitkeringen-en-toeslagen-heb-ik-recht/, https://sociaalteamgouda.nl/activiteiten/, https://sociaalteamgouda.nl/aanmeldformulier/, https://www.bnnvara.nl/kassa, https://www.fraudehelpdesk.nl/, https://sociaalteamgouda.nl/hulp-bij-de-belastingaangiftepapierwinkel-en-bibliotheek-bieden-weer-hulp-voor-gouwenaars/, https://sociaalteamgouda.nl, https://www.juridischloket.nl/, https://radar.avrotros.nl/, https://sociaalteamgouda.nl/thema/geld-en-schulden/, https://www.eccnederland.nl/nl, https://sociaalteamgouda.nl/10-nieuwe-trainingen-beschikbaar/, https://sociaalteamgouda.nl/activiteit/sirenelunch/, https://sociaalteamgouda.nl/activiteit/wijksafari/, https://sociaalteamgouda.nl/jongeren-check-je-belastingaangifte-misschien-krijg-je-geld-terug/, https://www.bnnvara.nl/, https://sociaalteamgouda.nl/volg-een-gratis-training/, https://sociaalteamgouda.nl/contact",https://sociaalteamgouda.nl/onderwerp/ik-heb-vragen-over-wetten-regelingen-of-voorzieningen/
,,We konden geen gerelateerde activiteiten vinden.,"https://sociaalteamgouda.nl/nieuws/, https://sociaalteamgouda.nl/10-nieuwe-trainingen-beschikbaar/, https://sociaalteamgouda.nl/ik-zoek-hulp/, https://sociaalteamgouda.nl/activiteiten/, https://www.nationaleberoepengids.nl/beroepskeuzetest, https://sociaalteamgouda.nl/thema/werk-uitkering-en-leren/, https://sociaalteamgouda.nl/volg-een-gratis-training/, https://sociaalteamgouda.nl/aanmeldformulier/, https://sociaalteamgouda.nl, https://www.studiekeuze123.nl/opleidingen, https://hetkantoorvannu.nl/wp-content/uploads/2019/01/studiekeuzedoeboek-anke.pdf, https://duo.nl/particulier/, https://www.goudawijzer.nl/is/een-vraag-over-2/opleiding-en-inburgering/opleiding, https://sociaalteamgouda.nl/3365-2/, https://www.gouda.nl/direct-regelen/leren-en-spelen/scholen/hulp-bij-het-vinden-van-een-opleiding, https://www.jobpersonality.com/beroepskeuzetest, https://www.leerwerkloket.nl/, https://www.jobpersonality.com/competentietest",https://sociaalteamgouda.nl/onderwerp/hoe-vind-ik-een-opleiding-die-bij-mij-past/
,,We konden geen gerelateerde activiteiten vinden.,"https://sociaalteamgouda.nl/nieuws/, https://sociaalteamgouda.nl/ik-zoek-hulp/, https://jobhulpmaatje.nl/locaties/gouda/, https://www.hetbruisnest.nl/, https://in-gouda.nl/subject/vrijwilligerswerk/, https://jobon.nl/, https://www.google.com/maps/search/uitzendbureau+gouda/@52.0227313,4.7161767,14z/data=!3m1!4b1, https://wspmiddenholland.nl/werkzoekenden/hoe-we-kunnen-helpen/werkcafe/, https://sociaalteamgouda.nl/activiteiten/, https://sociaalteamgouda.nl/thema/werk-uitkering-en-leren/, https://sociaalteamgouda.nl/aanmeldformulier/, https://sociaalteamgouda.nl, https://in-gouda.nl/subject/hulp-bij-vinden-van-werk/, https://www.goudvoorelkaar.nl/hulpvragen/, https://www.gouda.nl/direct-regelen/leren-en-spelen/scholen/hulp-bij-het-vinden-van-een-opleiding, https://sociaalteamgouda.nl/10-nieuwe-trainingen-beschikbaar/, https://www.humanitas.nl/onze-vrijwilligers/, https://sociaalteamgouda.nl/3365-2/, http://www.werk.nl/, https://sociaalteamgouda.nl/volg-een-gratis-training/, https://www.leerwerkloket.nl/",https://sociaalteamgouda.nl/onderwerp/ik-zoek-werk/
,,"Neem dan contact op met de schoolcontactpersoon via de school waar jij of jouw kind op zit. Iedere school in Gouda heeft een vast schoolcontactpersoon. Weet je niet hoe je die persoon direct kan benaderen? Neem dan contact op met de intern begeleider of zorgcoördinator van de school. Je kunt ook opnemen met het Sociaal Team Gouda en vragen naar de schoolcontactpersoon. Kom naar het . Je kunt langs bij het spreekuur. Je kunt ook meedoen met een taalcafé, leescafé of andere bijeenkomst.","https://sociaalteamgouda.nl/nieuws/, https://sociaalteamgouda.nl/10-nieuwe-trainingen-beschikbaar/, https://sociaalteamgouda.nl/ik-zoek-hulp/, https://sociaalteamgouda.nl/activiteiten/, https://sociaalteamgouda.nl/thema/werk-uitkering-en-leren/, https://sociaalteamgouda.nl/volg-een-gratis-training/, https://sociaalteamgouda.nl/aanmeldformulier/, https://www.bibliotheekgouda.nl/taalhuis/aanbod.html, https://sociaalteamgouda.nl/thema/gezin-en-opvoeding/, https://sociaalteamgouda.nl/activiteit/inloop-op-school/, https://sociaalteamgouda.nl, https://sociaalteamgouda.nl/3365-2/, https://sociaalteamgouda.nl/contact/",https://sociaalteamgouda.nl/onderwerp/hulp-bij-onderwijs/
,,"Gefeliciteerd en … aan de slag! Want wat verandert er nu en wat wordt er van je verwacht?  De Rijksoverheid heeft zelf op een rij gezet waar je aan moet denken als je 18 jaar wordt. Klik voor deze checklist. Je kunt dan met hulp van vragen meer te weten komen wat je in jouw situatie kan en moet doen. Voor een eenvoudigere versie van de checklist is er . Of volg een eenvoudige gratis online training: Als je 18 jaar wordt veranderen er een aantal geldzaken. Hier onder kort wat aandachtspunten: helpt bij het regelen van zaken als een bankrekening, zorgverzekeringen, zorgtoeslag en DigiD. Voor inwoners van Gouda met een laag inkomen (max 120% van de bijstandsnorm) heeft de gemeente een collectieve zorgverzekering afgesloten bij . Je krijgt dan misschien een zorgverzekering voor een lagere prijs. Kijk voor meer informatie op de . Voor studenten zijn er ook voordelige verzekeringen. Om goed te kunnen vergelijken kun je kijken op of op . Dit zijn vergelijkingssites. Vanaf je 18e kun je zelfstandig wonen. Wil je je inschrijven voor een huurwoning en/of een studentenkamer? Dat doe je bij . Kijk eventueel ook op de pagina op deze website. Je kunt ook voor kamers kijken op bijvoorbeeld . Als je 18 jaar bent, zorg je voor je eigen inkomen. Dit kan met werk, studiefinanciering of een combinatie hiervan. Misschien werk je al of (nog) niet. Goed om te weten; als je inwoner bent van Gouda en jonger bent dan 28 jaar, dan kun je met een jongerencoach van de gemeente op zoek naar een passende opleiding of werk. Kijk op de .","https://sociaalteamgouda.nl/nieuws/, https://sociaalteamgouda.nl/ik-zoek-hulp/, https://sociaalteamgouda.nl/thema/gezin-en-opvoeding/, https://sociaalteamgouda.nl/onderwerp/ik-zoek-werk/, https://www.startpuntgeldzaken.nl/gouda/alle-geldplannen/geldplan-bijna-18/, https://www.independer.nl/zorgverzekering/intro.aspx, https://www.vgz.nl/zorgverzekering/gemeenten, https://sociaalteamgouda.nl/activiteiten/, https://sociaalteamgouda.nl/thema/werk-uitkering-en-leren/, https://sociaalteamgouda.nl/aanmeldformulier/, https://www.rijksoverheid.nl/onderwerpen/achttien-jaar-worden/vraag-en-antwoord/checklist-bij-18-jaar-worden, https://sociaalteamgouda.nl, https://sociaalteamgouda.nl/activiteit/inloop-op-school/, http://www.kamernet.nl/, https://sociaalteamgouda.nl/onderwerp/hoe-vind-ik-een-opleiding-die-bij-mij-past/, https://sociaalteamgouda.nl/10-nieuwe-trainingen-beschikbaar/, https://sociaalteamgouda.nl/training/18-en-nu/, https://sociaalteamgouda.nl/3365-2/, https://www.wijzeringeldzaken.nl/18-worden/, https://www.gouda.nl/direct-regelen/geld-en-werk/extras-bij-laag-inkomen/zorgverzekering-met-korting, https://www.gouda.nl/direct-regelen/geld-en-werk/werk/hulp-bij-het-vinden-van-een-opleiding, https://www.woningnetregiomiddenholland.nl/, https://sociaalteamgouda.nl/onderwerp/hoe-kom-ik-aan-een-woonruimte/, https://www.hoezitdat.info/gouda/689453/18-jaar-en-dan.html, https://sociaalteamgouda.nl/volg-een-gratis-training/, https://www.zorgwijzer.nl/zorgvergelijker/studenten",https://sociaalteamgouda.nl/onderwerp/ik-word-18-wat-nu/
,,We konden geen gerelateerde activiteiten vinden.,"https://sociaalteamgouda.nl/nieuws/, https://sociaalteamgouda.nl/10-nieuwe-trainingen-beschikbaar/, https://sociaalteamgouda.nl/ik-zoek-hulp/, https://sociaalteamgouda.nl/activiteiten/, https://www.goudawijzer.nl/is/een-vraag-over-2/opleiding-en-inburgering/inburgeren, https://sociaalteamgouda.nl/thema/werk-uitkering-en-leren/, https://sociaalteamgouda.nl/volg-een-gratis-training/, https://sociaalteamgouda.nl/aanmeldformulier/, https://www.bibliotheekgouda.nl/taalhuis/aanbod.html, https://sociaalteamgouda.nl, http://www.vluchtelingenwerk.nl/, https://sociaalteamgouda.nl/3365-2/, http://www.ind.nl/, http://www.vluchtelingenwerk.nl/zuidwestnederland/vluchtelingenwerk-gouda",https://sociaalteamgouda.nl/onderwerp/ik-ben-nieuw-in-nederland/
,,"Bijvoorbeeld: Dat kan soms erg lastig zijn. Soms kun je ook moeilijk ‘nee’ zeggen. Daardoor weet je niet hoe je goed voor jezelf kunt opkomen. Sociaal Team Gouda helpt je graag. Samen kunnen we problemen oplossen. Neem daarvoor op met het Sociaal Team Gouda. Misschien herken je dit wel bij iemand om je heen. Sociaal Team Gouda helpt jou of diegene graag. Als je merkt dat dingen niet vanzelf gaan, heb je soms ook andere problemen. Bijvoorbeeld met je administratie. Of in je relatie of in je gezin. Soms ben je erg somber of bang. Of misschien drink je vaak alcohol of gebruik je drugs. Samen kunnen we problemen oplossen. Sociaal Team Gouda helpt je daar graag mee. Neem daarvoor met ons op. We konden geen gerelateerde activiteiten vinden.","https://sociaalteamgouda.nl/nieuws/, https://sociaalteamgouda.nl/10-nieuwe-trainingen-beschikbaar/, https://sociaalteamgouda.nl/ik-zoek-hulp/, https://sociaalteamgouda.nl/activiteiten/, https://sociaalteamgouda.nl/thema/werk-uitkering-en-leren/, https://sociaalteamgouda.nl/volg-een-gratis-training/, https://sociaalteamgouda.nl/aanmeldformulier/, https://sociaalteamgouda.nl, https://sociaalteamgouda.nl/3365-2/, https://sociaalteamgouda.nl/contact/",https://sociaalteamgouda.nl/onderwerp/ik-vind-veel-dingen-moeilijk/
,,"Probeer eerst overzicht te krijgen en te ontspannen. Ook al lijkt dat gek, omdat je zoveel te doen hebt. Sommigen willen graag sporten of bewegen, anderen willen juist ergens zitten of een boek lezen. Als je hoofd rustiger is, krijg je beter overzicht over wat nú belangrijk is. Vraag op tijd hulp van een professional. Neem op met het Sociaal Team Gouda of bijvoorbeeld je huisarts. We konden geen gerelateerde activiteiten vinden.","https://sociaalteamgouda.nl/nieuws/, https://sociaalteamgouda.nl/10-nieuwe-trainingen-beschikbaar/, https://sociaalteamgouda.nl/ik-zoek-hulp/, https://sociaalteamgouda.nl/activiteiten/, https://www.mentaalvitaal.nl/oefenen/problemen-oplossen-doe-je-zo, https://sociaalteamgouda.nl/aanmeldformulier/, https://sociaalteamgouda.nl/volg-een-gratis-training/, https://wijzijnmind.nl/psychische-klachten/psychipedia/stress/zelf-iets-doen-bij-stress/timemanagement, http://www.sportpuntgouda.nl/sport-activiteiten/sport-spelzoeker, https://sociaalteamgouda.nl/fit-happy-voor-kinderen-met-autisme/, https://sociaalteamgouda.nl, https://sociaalteamgouda.nl/activiteit/loopgroep-in-gouda/, https://sociaalteamgouda.nl/contact/, https://sociaalteamgouda.nl/maandelijkse-inzamelingsactie-voor-de-voedselbank-gouda/, https://sociaalteamgouda.nl/thema/gezondheid-en-stress/",https://sociaalteamgouda.nl/onderwerp/ik-wil-minder-stress/
,,"Het is belangrijk dat je het probleem bij je kind herkent. Dan kun je jouw vragen aan je kind aanpassen, zodat je jouw kind niet overvraagt. Je kunt je kind helpen door de situatie voor je kind goed overzichtelijk te maken en veel uitleg te geven. Dan voelt je kind zich veilig. Neem hier echt de tijd voor. Bij het ondersteunen van een kind met een beperking, kan meer nodig zijn dan deze tips. Daar kun je hulp bij krijgen. Misschien heb je als ouder ondersteuning nodig om je kind te blijven helpen. Je hoeft het als ouder niet alleen te doen. Aarzel niet om op te nemen met Sociaal Team Gouda.","https://sociaalteamgouda.nl/nieuws/, https://sociaalteamgouda.nl/10-nieuwe-trainingen-beschikbaar/, https://sociaalteamgouda.nl/ik-zoek-hulp/, https://sociaalteamgouda.nl/activiteiten/, https://sociaalteamgouda.nl/thema/werk-uitkering-en-leren/, https://sociaalteamgouda.nl/volg-een-gratis-training/, https://sociaalteamgouda.nl/aanmeldformulier/, https://sociaalteamgouda.nl/thema/gezin-en-opvoeding/, https://sociaalteamgouda.nl/activiteit/inloop-op-school/, https://sociaalteamgouda.nl, https://sociaalteamgouda.nl/3365-2/, https://sociaalteamgouda.nl/contact/",https://sociaalteamgouda.nl/onderwerp/mijn-kind-heeft-leerproblemen/
,,Kijk rond op deze website om te kijken hoe je hulp verder kunt kijken. Bijvoorbeeld of . Aarzel ook niet om op te nemen met het Sociaal Team Gouda. Dan helpen we je graag.,"https://sociaalteamgouda.nl/nieuws/, https://sociaalteamgouda.nl/10-nieuwe-trainingen-beschikbaar/, https://sociaalteamgouda.nl/ik-zoek-hulp/, https://sociaalteamgouda.nl/activiteiten/, https://sociaalteamgouda.nl/aanmeldformulier/, https://sociaalteamgouda.nl/volg-een-gratis-training/, https://sociaalteamgouda.nl/thema/gezin-en-opvoeding/, https://sociaalteamgouda.nl/activiteit/inloop-op-school/, https://sociaalteamgouda.nl, https://sociaalteamgouda.nl/onderwerp/werken-aan-mijn-relatie/, https://sociaalteamgouda.nl/onderwerp/je-administratie-op-orde-brengen/, https://sociaalteamgouda.nl/contact/",https://sociaalteamgouda.nl/onderwerp/hulp-voor-mijn-gezin/
,,Bijvoorbeeld bij deze situaties: Op de staan veel tips voor ouders en kinderen. Heb je hulp nodig of maak je je zorgen? Aarzel dan niet om op te nemen met het Sociaal Team Gouda. Het Sociaal Team werkt met JeugdMATCH. In dit systeem is te zien welke hulpverleners bij jongeren en gezinnen met jongeren betrokken zijn. Zo kunnen we elkaar makkelijker vinden en de hulp op elkaar afstemmen. In JeugdMATCH staat geen informatie over de hulpvraag. Als wij contact willen opnemen met andere hulpverleners vragen we toestemming aan de ouders en de kinderen vanaf 12 jaar. Voor meer informatie:,"https://sociaalteamgouda.nl/nieuws/, https://sociaalteamgouda.nl/10-nieuwe-trainingen-beschikbaar/, https://sociaalteamgouda.nl/ik-zoek-hulp/, https://sociaalteamgouda.nl/activiteiten/, https://sociaalteamgouda.nl/aanmeldformulier/, https://sociaalteamgouda.nl/volg-een-gratis-training/, https://www.cjggouda.nl/, https://sociaalteamgouda.nl/thema/gezin-en-opvoeding/, https://eur06.safelinks.protection.outlook.com/?url=https%3A%2F%2Fwww.cjgprof.nl%2Fpagina%2Fjeugdmatch%2F671978&data=05%7C02%7Cc.carolus%40kwadraad.nl%7C5a1583a59949482fbd2d08dc8f9b137a%7C04e5b0d8098445c4b9c7eb4d890eb55b%7C0%7C0%7C638543143434755417%7CUnknown%7CTWFpbGZsb3d8eyJWIjoiMC4wLjAwMDAiLCJQIjoiV2luMzIiLCJBTiI6Ik1haWwiLCJXVCI6Mn0%3D%7C0%7C%7C%7C&sdata=TcrarbupLsjN6B5NH2e3qrjqjswQP0vCVQxOewV9zNc%3D&reserved=0, https://sociaalteamgouda.nl, https://www.oudersvannu.nl/, https://sociaalteamgouda.nl/activiteit/inloop-op-school/, https://sociaalteamgouda.nl/contact/, https://www.online-opvoedhulp.nl/blog/",https://sociaalteamgouda.nl/onderwerp/opvoeden-en-opgroeien/
,,We konden geen gerelateerde activiteiten vinden.,"https://sociaalteamgouda.nl/nieuws/, https://sociaalteamgouda.nl/10-nieuwe-trainingen-beschikbaar/, https://sociaalteamgouda.nl/ik-zoek-hulp/, https://sociaalteamgouda.nl/activiteiten/, https://sociaalteamgouda.nl/aanmeldformulier/, https://sociaalteamgouda.nl/volg-een-gratis-training/, https://wijzijnmind.nl/psychische-klachten/psychipedia/stress/zelf-iets-doen-bij-stress/timemanagement, https://sociaalteamgouda.nl/fit-happy-voor-kinderen-met-autisme/, https://sociaalteamgouda.nl, https://sociaalteamgouda.nl/maandelijkse-inzamelingsactie-voor-de-voedselbank-gouda/, https://sociaalteamgouda.nl/thema/gezondheid-en-stress/",https://sociaalteamgouda.nl/onderwerp/ik-wil-mij-minder-somber-voelen/
,,Je kunt luisteren naar diegene die ziek is. Vaak is een luisterend oor genoeg. Je hoeft geen oplossing of advies te geven. Zorg ook dan goed voor jezelf. Ook jij hebt verdriet en dus tijd nodig om dingen te verwerken. Het kan heel lastig voor je zijn om naast iemand te staan die ziek is. Je kunt misschien hulp inschakelen van . Bij hen kun je je melden als mantelzorger. Zij kunnen je in contact brengen met lotgenoten en bieden ontspannende activiteiten met lotgenoten. We konden geen gerelateerde activiteiten vinden.,"https://sociaalteamgouda.nl/nieuws/, https://sociaalteamgouda.nl/10-nieuwe-trainingen-beschikbaar/, https://sociaalteamgouda.nl/ik-zoek-hulp/, https://sociaalteamgouda.nl/activiteiten/, https://sociaalteamgouda.nl/aanmeldformulier/, https://sociaalteamgouda.nl/volg-een-gratis-training/, https://sociaalteamgouda.nl/fit-happy-voor-kinderen-met-autisme/, https://sociaalteamgouda.nl/maandelijkse-inzamelingsactie-voor-de-voedselbank-gouda/, https://sociaalteamgouda.nl, https://gezondidee.mumc.nl/zo-kun-je-iemand-met-een-ernstige-levensbedreigende-ziekte-steunen, https://respijtzorg.mantelzorgcentraal.nl/steunpunt-midden-holland-1083/, https://sociaalteamgouda.nl/thema/gezondheid-en-stress/",https://sociaalteamgouda.nl/onderwerp/hoe-kan-ik-omgaan-met-mijn-ziekte/
,,"Ook huwelijksdwang, als iemand wordt gedwongen om te trouwen, is geweld. Dan trouwt diegene tegen zijn zin met iemand anders. Je kunt bij het Sociaal Team Gouda terecht als je hulp zoekt. We luisteren goed naar je, kunnen je helpen om afspraken te maken over veiligheid of helpen je stappen te ondernemen om het geweld te stoppen. Neem gerust op met ons. Of neem contact op met één van de andere organisaties. Ben je slachtoffer van huiselijk geweld? Zoek dan hulp bij Veilig Thuis. Bel naar 0800 – 2000. Dit telefoonnummer is gratis en altijd bereikbaar. Als je belt, word je gevraagd om jouw plaatsnaam in te spreken. Daarmee kom je vanzelf terecht bij de regionale organisatie bij jou in de buurt. Ben je in direct gevaar? Bel dan 112. Slachtoffers van seksueel misbruik kunnen voor hulp en advies terecht bij de Hulplijn Seksueel Misbruik. De hulplijn is er ook voor getuigen van seksueel misbruik. Of voor mensen die een slachtoffer van seksueel misbruik in hun omgeving willen helpen. Het telefoonnummer is 0900 – 9999 001. Het is op werkdagen bereikbaar van 9.00 – 17.00 uur. Kinderen jongeren tot 18 jaar kunnen bellen naar de Kindertelefoon. Het telefoonnummer is 0800 – 0432. Het is iedere dag bereikbaar van 11.00 uur tot 21.00 uur.","https://sociaalteamgouda.nl/nieuws/, https://sociaalteamgouda.nl/10-nieuwe-trainingen-beschikbaar/, https://sociaalteamgouda.nl/ik-zoek-hulp/, https://sociaalteamgouda.nl/activiteiten/, https://sociaalteamgouda.nl/aanmeldformulier/, https://sociaalteamgouda.nl/volg-een-gratis-training/, https://sociaalteamgouda.nl/thema/gezin-en-opvoeding/, https://sociaalteamgouda.nl/activiteit/inloop-op-school/, https://sociaalteamgouda.nl, https://sociaalteamgouda.nl/contact/",https://sociaalteamgouda.nl/onderwerp/huiselijk-geweld/
,,"Laat je kind kennis maken met sporten. Dan beweegt je kind niet alleen, het leert ook andere kinderen kennen. organiseert voor kinderen activiteiten zoals sportkennismakingslessen. Je kunt ook thuis sporten met je kind. De Brede School biedt allerlei . Te weinig geld voor een sportclub of andere beweging? Dan kunnen kinderen met de misschien toch gratis sporten. Heb je hier nog vragen over? Neem dan contact op met Sociaal Team Gouda. We konden geen gerelateerde activiteiten vinden.","https://sociaalteamgouda.nl/nieuws/, https://sociaalteamgouda.nl/ik-zoek-hulp/, https://www.reumagouda.nl/, https://www.bsgouda.nl/, https://sociaalteamgouda.nl/activiteiten/, https://www.sportpuntgouda.nl/Bewegen-leefstijl/projecten-brede-school/sportkennismakingslessen, https://sociaalteamgouda.nl/aanmeldformulier/, https://sociaalteamgouda.nl/fit-happy-voor-kinderen-met-autisme/, https://sociaalteamgouda.nl, https://sociaalteamgouda.nl/onderwerp/een-laag-inkomen-en-sporten-of-naar-een-culturele-activiteit/, https://www.thuisarts.nl/gezonde-leefstijl/ik-wil-gezond-eten, https://sociaalteamgouda.nl/10-nieuwe-trainingen-beschikbaar/, https://goudabruist.nl/web/lijst/activiteiten.vm?thema=6, https://sociaalteamgouda.nl/onderwerp/ik-wil-minder-stress/, https://sociaalteamgouda.nl/maandelijkse-inzamelingsactie-voor-de-voedselbank-gouda/, https://sociaalteamgouda.nl/volg-een-gratis-training/, https://www.gouda.nl/direct-regelen/geld-en-werk/extras-bij-laag-inkomen/gratis-rotterdampas-voor-kinderen-van-0-t-m-17-jaar, https://www.sportpuntgouda.nl/, https://sociaalteamgouda.nl/activiteit/loopgroep-in-gouda/, https://sociaalteamgouda.nl/thema/gezondheid-en-stress/",https://sociaalteamgouda.nl/onderwerp/hoe-kan-ik-gezonder-leven/
,,Zet eerst op een rij wat jou zou helpen. Wanneer en waarbij loop je vast en heb je dus hulp nodig? Is dat alleen op één moment van de dag? Of heb je vaker hulp nodig? Het is goed om te weten dat er een eigen bijdrage wordt gevraagd. Ons advies is dan ook om goed te kijken naar de voorwaarden. Het is soms in je voordeel om iets zelf te kopen en te installeren.,"https://sociaalteamgouda.nl/nieuws/, https://sociaalteamgouda.nl/10-nieuwe-trainingen-beschikbaar/, https://sociaalteamgouda.nl/ik-zoek-hulp/, https://sociaalteamgouda.nl/activiteiten/, https://sociaalteamgouda.nl/aanmeldformulier/, https://sociaalteamgouda.nl/volg-een-gratis-training/, https://sociaalteamgouda.nl, https://www.goudawijzer.nl/is/een-vraag-over-2/wonen-en-huishouden/huishouden, https://sociaalteamgouda.nl/activiteit/themabijeenkomsten-voor-ouderen/, https://www.gouda.nl/direct-regelen/zorg-en-hulp/gezondheid-en-zorg/hulp-bij-het-huishouden, http://ocogouda.nl, https://sociaalteamgouda.nl/themabijeenkomsten-een-veilig-gevoel/, https://www.goudawijzer.nl/is/een-vraag-over-2/wonen-en-huishouden/huis-aanpassen/zelf-aanpassingen-doen, https://sociaalteamgouda.nl/thema/hulp-bij-zorgen-wonen-en-vervoer/",https://sociaalteamgouda.nl/onderwerp/hulp-of-hulpmiddelen-in-huis/
,,"Heb je voor lange tijd een hulpmiddel nodig voor kortere afstanden? Bijvoorbeeld een scootmobiel, rolstoel of rollator? Dan kun je die misschien krijgen van de gemeente Gouda of zelf kopen. Soms wordt een hulpmiddel vergoed door je zorgverzekeraar. Dat hangt af van de manier waarop je verzekerd bent. Meer informatie vind je: Heb je hulp nodig bij bijvoorbeeld leerlingenvervoer, reizen met het openbaar vervoer, ziekenvervoer of ander vervoer door middel van een indicatie? Kijk dan op . Neem contact op met de voor de hulpmiddelen bij vervoer. Heb je hulp nodig om de aanvraag te doen bij de gemeente? Dan helpt de van het Sociaal Team Gouda je.","https://sociaalteamgouda.nl/nieuws/, https://sociaalteamgouda.nl/ik-zoek-hulp/, https://www.goudawijzer.nl/is/een-vraag-over-2/vervoer/hulpmiddelen-bij-verplaatsen, https://groeneharthopper.nl/, https://www.gouda.nl/direct-regelen/zorg-en-hulp/gezondheid-en-zorg, https://sociaalteamgouda.nl/contact/, https://www.gouda.nl/direct-regelen/zorg-en-hulp/gezondheid-en-zorg/wmo-pas-voor-korting-op-groeneharthopper, https://sociaalteamgouda.nl/thema/hulp-bij-zorgen-wonen-en-vervoer/, https://sociaalteamgouda.nl/activiteiten/, http://gouda.nl, https://sociaalteamgouda.nl/aanmeldformulier/, https://sociaalteamgouda.nl, https://sociaalteamgouda.nl/activiteit/themabijeenkomsten-voor-ouderen/, https://www.vervoerspuntgouda.nl/, https://sociaalteamgouda.nl/10-nieuwe-trainingen-beschikbaar/, https://www.zonnebloem.nl/doe-mee/eropuit/auto-huren, https://www.valys.nl/, https://sociaalteamgouda.nl/volg-een-gratis-training/, https://sociaalteamgouda.nl/activiteit/papierwinkel/, https://www.goudawijzer.nl/is/een-vraag-over-2/vervoer/taxi-bus-trein, https://sociaalteamgouda.nl/themabijeenkomsten-een-veilig-gevoel/",https://sociaalteamgouda.nl/onderwerp/hulp-bij-vervoer-of-reizen/
,,"Ook kinderen of jongeren kunnen mantelzorger zijn. Dan is er bijvoorbeeld iemand thuis lang ziek, gehandicapt, verslaafd in de war of depressief en maak je je daar zorgen over. Of je helpt als kind of jongere thuis vaak mee. Ben jij jonge mantelzorger? Neem dan ook contact op met het Sociaal Team Gouda als je hulp nodig hebt. Mantelzorgtaken kunnen best zwaar zijn. Soms realiseer je je het pas laat, dat de taken zwaar zijn. Neem dan gerust contact op met het Sociaal Team Gouda. Samen met jou bekijken we wat je nodig hebt om de balans als mantelzorger te houden. Bijvoorbeeld door een gesprek en het in kaart brengen van je situatie. Ook kunnen we helpen bij het aanvragen van indicaties. Of het invullen van formulieren die belangrijk zijn om je werk als mantelzorger vol te kunnen houden, zoals hulp in de huishouding of vervangende mantelzorg. Als je mantelzorger bent is het belangrijk om je te registreren als mantelzorger. Zo blijf je op de hoogte van activiteiten die voor jou worden georganiseerd. Zoals de jaarlijkse Dag van de Mantelzorg, een respijtdag of workshops voor mantelzorgers. Ook ontvang je dan de jaarlijkse mantelzorg attentie vanuit de gemeente. Daarnaast krijg je als geregistreerd mantelzorger twee keer per jaar gratis het magazine ‘MantelKRACHT’ thuis gestuurd. Hierin staat belangrijke informatie voor jou als mantelzorger. Ieder jaar krijgen mantelzorgers een gratis cadeautje van de gemeente Gouda. Daarvoor moet je je wel als mantelzorger. Mantelzorgers kunnen bij de gemeente Gouda . Hiervoor betaal je dan een klein bedrag. Als je hulp nodig hebt bij het aanvragen, kun je contact opnemen met het Sociaal Team Gouda. Soms is het fijn als iemand anders je mantelzorgtaken even kan overnemen. Dan heb je even tijd voor jezelf. Deze vervangende mantelzorg heet respijtzorg. Je kunt dit aan een vrijwilliger vragen of aan de gemeente Gouda. Kijk hiervoor op de website of neem contact op met . Als je hulp nodig hebt bij het aanvragen, kun je contact opnemen met het Sociaal Team Gouda of met MantelzorgCentraal. Dan kun je bij de gemeente een parkeervergunning met korting . Als je hulp nodig hebt bij het aanvragen, kun je contact opnemen met het Sociaal Team Gouda. Als je als mantelzorger zorgt voor een ander, ben je via de vrijwilligersverzekering van de gemeente Gouda. We konden geen gerelateerde activiteiten vinden.","https://sociaalteamgouda.nl/nieuws/, https://sociaalteamgouda.nl/10-nieuwe-trainingen-beschikbaar/, https://sociaalteamgouda.nl/ik-zoek-hulp/, https://sociaalteamgouda.nl/activiteiten/, https://gouda.mantelzorgcentraal.nl/waardering/, https://www.gouda.nl/direct-regelen/zorg-en-hulp/gezondheid-en-zorg/verzekering-voor-mantelzorger, https://sociaalteamgouda.nl/aanmeldformulier/, https://sociaalteamgouda.nl/volg-een-gratis-training/, https://sociaalteamgouda.nl/thema/mantelzorg-ik-zorg-voor-iemand-anders/, http://www.respijtwijzergouda.nl, https://www.gouda.nl/direct-regelen/zorg-en-hulp/gezondheid-en-zorg/parkeervergunning-mantelzorger, http://2becool.nl, https://mantelzorgcentraal.nl/2becool, https://sociaalteamgouda.nl, https://sociaalteamgouda.nl/workshop-in-balans-voor-mantelzorgers/, https://gouda.mantelzorgcentraal.nl/, https://www.gouda.nl/direct-regelen/zorg-en-hulp/gezondheid-en-zorg/vergoeding-hulp-bij-het-huishouden-voor-mantelzorger, https://sociaalteamgouda.nl/dag-van-de-mantelzorg-2/",https://sociaalteamgouda.nl/onderwerp/ik-ben-mantelzorger-en-zoek-ondersteuning/
,,Heb je vragen over gender of identiteit? Heb je twijfels over wie je bent of waar je op valt? Of wil je meer weten over de LHBTIQ+ gemeenschap? Dan nodigen we je graag uit om eens te komen praten met een van onze sociaal werkers.  Het is ontzettend lastig als je stoeit met jezelf. Het kan dan helpen om met iemand te praten. Bij het Sociaal Team Gouda kan je in vertrouwen jouw zorgen kwijt of je vragen stellen. Denk aan vragen als: We konden geen gerelateerde activiteiten vinden.,"https://sociaalteamgouda.nl/nieuws/, https://sociaalteamgouda.nl/10-nieuwe-trainingen-beschikbaar/, https://sociaalteamgouda.nl/ik-zoek-hulp/, https://sociaalteamgouda.nl/activiteiten/, https://sociaalteamgouda.nl/aanmeldformulier/, https://sociaalteamgouda.nl/volg-een-gratis-training/, https://sociaalteamgouda.nl/hulp-bij-de-belastingaangiftepapierwinkel-en-bibliotheek-bieden-weer-hulp-voor-gouwenaars/, https://sociaalteamgouda.nl, https://sociaalteamgouda.nl/jongeren-check-je-belastingaangifte-misschien-krijg-je-geld-terug/, https://sociaalteamgouda.nl/thema/gezondheid-en-stress/",https://sociaalteamgouda.nl/onderwerp/gender-en-identiteit/
,,"Het kan helpen om met iemand te praten over je verlies. Misschien heb je familie of vrienden die met je willen praten. Soms kan het ook juist heel moeilijk zijn om je verdriet met mensen te delen die de overledene ook kennen. Gevoelens van verlies wegstoppen en negeren helpt niet en veroorzaakt op langere termijn vaak andere problemen. In Gouda is er bijvoorbeeld stichting Boek en Troost. Zij bieden op een laagdrempelige manier lotgenotencontact, hulp en begeleiding bij rouwen in de vorm van bijv. een Rouwcafé en andere activiteiten. Ga naar de website voor het aanbod en meer informatie. Het tv-programma ‘Het Klokhuis’ (ZAPP) maakte in 2021 een serie over dood gaan, verlies en rouw. In onderstaand filmpje wordt er in het kort uitgelegd wat rouw en verlies is. Hoewel Het Klokhuis een kinderprogramma is, geeft het ook heldere en begrijpelijke informatie voor volwassenen. Heb je het heel erg moeilijk met het verlies en loop je na langere tijd vast? Neem dan contact op met bijvoorbeeld je huisarts,  de POH-GGZ of met het Sociaal Team Gouda. We kijken dan samen hoe verder. We konden geen gerelateerde activiteiten vinden.","https://sociaalteamgouda.nl/nieuws/, https://sociaalteamgouda.nl/10-nieuwe-trainingen-beschikbaar/, https://sociaalteamgouda.nl/ik-zoek-hulp/, https://sociaalteamgouda.nl/thema/eenzaamheid-rouw-en-verlies/, https://sociaalteamgouda.nl/week-van-het-samenzijn-2022/, https://sociaalteamgouda.nl/activiteiten/, https://boek-en-troost.nl/, https://sociaalteamgouda.nl/aanmeldformulier/, https://sociaalteamgouda.nl/volg-een-gratis-training/, https://sociaalteamgouda.nl, https://www.thuisarts.nl/rouw/ik-rouw, http://www.daanwesterink.nl/rouwen/, https://sociaalteamgouda.nl/week-tegen-eenzaamheid-2024/, https://www.slachtofferhulp.nl/emotionele-hulp/omgaan-met-verlies/rouwen/",https://sociaalteamgouda.nl/onderwerp/ik-heb-een-dierbare-verloren/
,,"Neem gerust op met het Sociaal Team Gouda, we helpen je graag.","https://sociaalteamgouda.nl/nieuws/, https://sociaalteamgouda.nl/activiteit/cursus-houd-me-vast/, https://sociaalteamgouda.nl/10-nieuwe-trainingen-beschikbaar/, https://sociaalteamgouda.nl/ik-zoek-hulp/, https://sociaalteamgouda.nl/thema/relatie-of-scheiding/, https://sociaalteamgouda.nl/activiteiten/, https://www.villapinedo.nl/, https://sociaalteamgouda.nl/aanmeldformulier/, https://sociaalteamgouda.nl/volg-een-gratis-training/, https://sociaalteamgouda.nl, https://sociaalteamgouda.nl/hoe-sara-toch-haar-weg-vond-na-de-scheiding/, https://sociaalteamgouda.nl/contact/, https://www.kindertelefoon.nl/, https://www.ouders-uit-elkaar.nl/",https://sociaalteamgouda.nl/onderwerp/mijn-ouders-gaan-uit-elkaar/
,,"Iedereen heeft wel eens ruzie. Hebben jullie erg vaak ruzie en loopt het soms zelfs uit de hand? Neem dan de tijd om samen te kijken naar de dieperliggende oorzaak. Soms zijn er andere oorzaken waardoor je niet lekker in je vel zit en daardoor snel ruzie kan krijgen. Merken jullie dat je er zelf niet uit komt? Aarzel niet en . Kijk ook bij activiteiten, in de balk hieronder, of er een cursus of spreekuur is waar je terecht kunt.","https://sociaalteamgouda.nl/nieuws/, https://sociaalteamgouda.nl/10-nieuwe-trainingen-beschikbaar/, https://sociaalteamgouda.nl/ik-zoek-hulp/, https://sociaalteamgouda.nl/thema/relatie-of-scheiding/, https://sociaalteamgouda.nl/activiteiten/, https://sociaalteamgouda.nl/aanmeldformulier/, https://sociaalteamgouda.nl/volg-een-gratis-training/, https://sociaalteamgouda.nl, https://sociaalteamgouda.nl/hoe-sara-toch-haar-weg-vond-na-de-scheiding/, https://sociaalteamgouda.nl.transurl.nl/contact/, https://sociaalteamgouda.nl/activiteit/cursus-houd-me-vast/",https://sociaalteamgouda.nl/onderwerp/werken-aan-mijn-relatie/
,,"Omdat de impact van een scheiding op kinderen erg groot kan zijn, kun je het beste voor tips en hulp direct opnemen met het Sociaal Team Gouda. Denk aan hulp bij het vertellen aan de kinderen, het opstellen van een ouderschapsplan of wennen aan de situatie na de scheiding.","https://sociaalteamgouda.nl/nieuws/, https://sociaalteamgouda.nl/10-nieuwe-trainingen-beschikbaar/, https://sociaalteamgouda.nl/ik-zoek-hulp/, https://sociaalteamgouda.nl/thema/relatie-of-scheiding/, https://sociaalteamgouda.nl/activiteiten/, https://sociaalteamgouda.nl/aanmeldformulier/, https://sociaalteamgouda.nl/volg-een-gratis-training/, https://sociaalteamgouda.nl, https://sociaalteamgouda.nl/hoe-sara-toch-haar-weg-vond-na-de-scheiding/, https://sociaalteamgouda.nl/contact/, https://sociaalteamgouda.nl/activiteit/cursus-houd-me-vast/",https://sociaalteamgouda.nl/onderwerp/scheiden-en-kinderen/
,,"In de damestoiletten beneden In de gang, naast de keuken Links naast de balie In de gang, bij het toilet beneden","https://sociaalteamgouda.nl/activiteit/cursus-grip-op-je-geld/, https://sociaalteamgouda.nl/nieuws/, https://sociaalteamgouda.nl/10-nieuwe-trainingen-beschikbaar/, https://sociaalteamgouda.nl/ik-zoek-hulp/, https://sociaalteamgouda.nl/activiteiten/, https://sociaalteamgouda.nl/aanmeldformulier/, https://sociaalteamgouda.nl/volg-een-gratis-training/, https://sociaalteamgouda.nl/activiteit/sirenelunch/, https://sociaalteamgouda.nl/activiteit/wijksafari/, https://sociaalteamgouda.nl/hulp-bij-de-belastingaangiftepapierwinkel-en-bibliotheek-bieden-weer-hulp-voor-gouwenaars/, https://sociaalteamgouda.nl, https://www.google.com/maps/d/viewer?mid=1O15L1jL6iAZRvHdF0LuKcOCpluo6ATB5&ll=52.12584856940395%2C5.349475749999986&z=7, https://sociaalteamgouda.nl/jongeren-check-je-belastingaangifte-misschien-krijg-je-geld-terug/, https://sociaalteamgouda.nl/activiteit/koffietijd/, https://sociaalteamgouda.nl/thema/gezondheid-en-stress/",https://sociaalteamgouda.nl/onderwerp/uitgiftepunten-menstruatieproducten/
,,"Lees dan Als jullie hebben besloten uit elkaar te gaan, zoekt één van de partners een andere woonruimte. Wat er mogelijk is, hangt af van de financiële situatie. Neem dan contact op met een hypotheekadviseur om jullie financiën inzichtelijk te maken. Misschien moeten jullie het huis verkopen en allebei verhuizen. Misschien kan één van jullie in het huis blijven wonen, terwijl de andere op zoek gaat naar een andere woning. Als je op zoek moet naar een (sociaal) huurhuis, kun je urgentie aanvragen bij de woningbouwvereniging. Lees meer op de pagina ‘ ’ Als je getrouwd bent of een geregistreerd partnerschap hebt, wordt de scheiding officieel uitgesproken door de rechter. Jij en je partner hebben een advocaat of bemiddelaar/mediator nodig om de afspraken goed op papier te zetten. Denk aan de financiën, afspraken over partneralimentatie en de verdeling van jullie spullen. Denk ook aan het regelen van andere zaken:","https://sociaalteamgouda.nl/nieuws/, https://sociaalteamgouda.nl/10-nieuwe-trainingen-beschikbaar/, https://sociaalteamgouda.nl/ik-zoek-hulp/, https://sociaalteamgouda.nl/thema/relatie-of-scheiding/, https://sociaalteamgouda.nl/onderwerp/hoe-kom-ik-aan-een-woonruimte/, https://sociaalteamgouda.nl/activiteiten/, https://sociaalteamgouda.nl/aanmeldformulier/, https://sociaalteamgouda.nl/volg-een-gratis-training/, https://uitelkaar.nl/docs/default-source/downloads-bibliotheek/checklist-scheiden-uitelkaar-nl.pdf, https://sociaalteamgouda.nl, https://sociaalteamgouda.nl/hoe-sara-toch-haar-weg-vond-na-de-scheiding/, https://sociaalteamgouda.nl/onderwerp/scheiden-en-kinderen/, https://www.rijksoverheid.nl/onderwerpen/scheiden/vraag-en-antwoord/checklist-bij-scheiden-of-uit-elkaar-gaan, https://sociaalteamgouda.nl/activiteit/cursus-houd-me-vast/, https://www.scheidingsplein.nl/gouda/",https://sociaalteamgouda.nl/onderwerp/we-gaan-scheiden-wat-moeten-we-regelen/
